,predictions,actuals,0,1,2,3,4,5,6,7
0,4,3,I,0.16,0.11,0.025,0.018000000000000002,0.0065,0.0055,0.005
1,4,3,I,0.11,0.09,0.03,0.008,0.0025,0.002,0.003
2,4,4,I,0.205,0.15,0.065,0.04,0.02,0.011000000000000001,0.013000000000000001
3,4,4,I,0.185,0.135,0.045,0.032,0.011000000000000001,0.0065,0.01
4,5,4,I,0.275,0.195,0.07,0.0875,0.0345,0.022000000000000002,0.0255
5,4,4,I,0.2,0.15,0.04,0.046,0.021,0.006999999999999999,0.0065
6,4,4,M,0.175,0.125,0.04,0.024,0.0095,0.006,0.005
7,4,4,I,0.165,0.11,0.02,0.019,0.0065,0.0025,0.005
8,4,4,I,0.17,0.105,0.035,0.034,0.012,0.0085,0.005
9,4,4,I,0.155,0.105,0.05,0.0175,0.005,0.0035,0.005
10,7,4,M,0.325,0.23,0.09,0.147,0.06,0.034,0.045
11,6,4,I,0.28,0.12,0.075,0.11699999999999999,0.0455,0.028999999999999998,0.0345
12,7,5,M,0.375,0.305,0.09,0.3245,0.1395,0.0565,0.095
13,4,5,I,0.175,0.13,0.055,0.0315,0.0105,0.0065,0.0125
14,4,5,M,0.155,0.115,0.025,0.024,0.009000000000000001,0.005,0.0075
15,5,5,M,0.28,0.21,0.065,0.0905,0.035,0.02,0.03
16,7,5,I,0.28,0.21,0.085,0.1075,0.0415,0.024,0.034
17,4,5,M,0.175,0.135,0.04,0.0305,0.011000000000000001,0.0075,0.01
18,6,5,I,0.335,0.255,0.08,0.168,0.079,0.0355,0.05
19,5,5,I,0.29,0.215,0.06,0.1115,0.053,0.0185,0.032
20,6,5,I,0.285,0.205,0.07,0.106,0.039,0.0285,0.034
21,5,5,M,0.28,0.2,0.08,0.0915,0.033,0.0215,0.03
22,5,5,I,0.255,0.19,0.075,0.0865,0.0345,0.0205,0.025
23,4,5,I,0.175,0.125,0.05,0.0235,0.008,0.0035,0.008
24,5,5,I,0.27,0.195,0.06,0.073,0.0285,0.0235,0.03
25,4,5,I,0.18,0.135,0.08,0.033,0.0145,0.006999999999999999,0.01
26,5,5,M,0.255,0.18,0.065,0.079,0.034,0.013999999999999999,0.025
27,6,5,I,0.315,0.23,0.08,0.1375,0.0545,0.031,0.0445
28,5,5,I,0.28,0.2,0.075,0.1225,0.0545,0.0115,0.035
29,4,5,I,0.21,0.17,0.045,0.0475,0.019,0.011000000000000001,0.013000000000000001
30,6,5,I,0.315,0.235,0.08,0.18,0.08,0.045,0.047
31,4,5,I,0.205,0.15,0.055,0.042,0.0255,0.015,0.012
32,7,5,I,0.395,0.27,0.1,0.2985,0.1445,0.061,0.08199999999999999
33,7,6,I,0.36,0.27,0.085,0.2185,0.1065,0.038,0.062
34,7,6,I,0.395,0.3,0.09,0.253,0.1155,0.05,0.075
35,6,6,M,0.27,0.2,0.08,0.1205,0.0465,0.027999999999999997,0.04
36,7,6,I,0.33,0.265,0.085,0.196,0.0775,0.0305,0.0445
37,7,6,I,0.365,0.27,0.085,0.1875,0.081,0.042,0.057999999999999996
38,7,6,I,0.34,0.26,0.085,0.1885,0.0815,0.0335,0.06
39,7,6,I,0.41,0.325,0.1,0.3245,0.132,0.07200000000000001,0.106
40,7,6,I,0.4,0.315,0.09,0.33,0.151,0.068,0.08
41,7,6,I,0.375,0.29,0.1,0.21899999999999997,0.0925,0.038,0.075
42,6,6,I,0.34,0.26,0.08,0.2,0.08,0.0555,0.055
43,7,6,F,0.465,0.35,0.125,0.48200000000000004,0.23,0.106,0.1095
44,5,6,I,0.275,0.195,0.065,0.106,0.054000000000000006,0.02,0.027999999999999997
45,7,6,I,0.37,0.275,0.14,0.2215,0.09699999999999999,0.0455,0.0615
46,7,6,I,0.385,0.29,0.095,0.312,0.14300000000000002,0.0635,0.086
47,7,6,I,0.4,0.31,0.115,0.314,0.1545,0.0595,0.087
48,7,6,I,0.44,0.34,0.12,0.4995,0.2965,0.0945,0.1185
49,5,6,I,0.285,0.215,0.07,0.1075,0.051,0.0225,0.027000000000000003
50,6,6,I,0.33,0.245,0.065,0.1445,0.057999999999999996,0.032,0.0505
51,7,6,I,0.465,0.345,0.105,0.4015,0.242,0.0345,0.109
52,7,6,F,0.34,0.255,0.085,0.204,0.09699999999999999,0.021,0.05
53,7,6,M,0.3,0.24,0.09,0.161,0.0725,0.039,0.05
54,7,6,I,0.36,0.27,0.09,0.2075,0.098,0.039,0.062
55,6,6,I,0.35,0.27,0.075,0.215,0.1,0.036000000000000004,0.065
56,4,6,I,0.17,0.125,0.055,0.0235,0.009000000000000001,0.0055,0.008
57,7,6,I,0.37,0.29,0.095,0.249,0.1045,0.057999999999999996,0.067
58,7,6,I,0.33,0.265,0.09,0.18,0.068,0.036000000000000004,0.06
59,7,6,I,0.31,0.24,0.105,0.2885,0.11800000000000001,0.065,0.083
60,6,6,I,0.3,0.23,0.075,0.127,0.052000000000000005,0.03,0.0345
61,7,6,I,0.295,0.215,0.085,0.128,0.049,0.034,0.04
62,7,6,M,0.38,0.27,0.095,0.21899999999999997,0.0835,0.0515,0.07
63,6,6,I,0.31,0.235,0.07,0.151,0.063,0.0405,0.045
64,7,6,I,0.47,0.35,0.125,0.4315,0.19,0.1165,0.1175
65,7,6,I,0.33,0.23,0.085,0.1695,0.079,0.026000000000000002,0.0505
66,7,6,I,0.415,0.31,0.105,0.3595,0.16699999999999998,0.083,0.0915
67,4,6,I,0.235,0.18,0.06,0.057999999999999996,0.022000000000000002,0.0145,0.018000000000000002
68,7,6,I,0.44,0.325,0.1,0.4165,0.185,0.0865,0.11
69,7,6,I,0.4,0.31,0.1,0.306,0.13,0.06,0.094
70,7,6,I,0.35,0.265,0.085,0.1735,0.0775,0.034,0.055999999999999994
71,4,6,I,0.235,0.175,0.055,0.067,0.027000000000000003,0.0125,0.018000000000000002
72,6,6,F,0.29,0.21,0.075,0.275,0.113,0.0675,0.035
73,7,6,I,0.4,0.32,0.095,0.348,0.19399999999999998,0.053,0.087
74,7,6,I,0.345,0.275,0.095,0.1995,0.0755,0.0535,0.07
75,8,6,M,0.5,0.39,0.125,0.5215,0.2485,0.11699999999999999,0.131
76,8,6,F,0.47,0.36,0.11,0.4965,0.237,0.127,0.13
77,7,6,I,0.335,0.26,0.085,0.192,0.09699999999999999,0.03,0.054000000000000006
78,7,6,I,0.4,0.3,0.11,0.2985,0.1375,0.071,0.075
79,7,7,I,0.4,0.29,0.1,0.258,0.10400000000000001,0.059000000000000004,0.0815
80,7,7,I,0.38,0.285,0.095,0.243,0.0895,0.0665,0.075
81,7,7,I,0.425,0.315,0.095,0.3675,0.1865,0.0675,0.0985
82,7,7,I,0.45,0.335,0.105,0.36200000000000004,0.1575,0.0795,0.1095
83,7,7,I,0.385,0.3,0.095,0.302,0.152,0.0615,0.0735
84,7,7,M,0.335,0.25,0.09,0.18100000000000002,0.0755,0.0415,0.06
85,5,7,I,0.275,0.2,0.065,0.1165,0.0565,0.013000000000000001,0.035
86,7,7,I,0.425,0.31,0.09,0.301,0.1385,0.065,0.08
87,8,7,I,0.46,0.345,0.105,0.449,0.196,0.0945,0.1265
88,7,7,I,0.43,0.325,0.09,0.425,0.217,0.087,0.095
89,8,7,M,0.515,0.39,0.155,0.7125,0.3695,0.13699999999999998,0.155
90,7,7,I,0.385,0.28,0.095,0.257,0.11900000000000001,0.059000000000000004,0.07
91,7,7,I,0.365,0.275,0.09,0.2345,0.10800000000000001,0.051,0.0625
92,7,7,I,0.335,0.245,0.09,0.2015,0.096,0.0405,0.048
93,7,7,I,0.45,0.345,0.11,0.47,0.2355,0.0855,0.1135
94,8,7,M,0.545,0.39,0.135,0.7835,0.4225,0.1815,0.156
95,7,7,M,0.38,0.235,0.1,0.258,0.1055,0.054000000000000006,0.08
96,9,7,F,0.575,0.46,0.145,0.9945,0.466,0.22899999999999998,0.265
97,8,7,I,0.485,0.37,0.115,0.637,0.38,0.1335,0.128
98,7,7,I,0.375,0.29,0.085,0.2385,0.11800000000000001,0.045,0.0695
99,7,7,I,0.38,0.3,0.1,0.28600000000000003,0.1305,0.055999999999999994,0.09
100,8,7,F,0.525,0.44,0.125,0.7115,0.3205,0.159,0.1915
101,8,7,F,0.51,0.375,0.11,0.5805,0.2865,0.11800000000000001,0.14800000000000002
102,7,7,I,0.42,0.3,0.105,0.316,0.1255,0.07,0.1035
103,7,7,I,0.31,0.24,0.09,0.1455,0.0605,0.0315,0.045
104,7,7,I,0.395,0.295,0.1,0.293,0.14,0.062,0.08199999999999999
105,7,7,I,0.435,0.335,0.1,0.3245,0.135,0.0785,0.098
106,8,7,M,0.545,0.43,0.155,0.8035,0.409,0.14400000000000002,0.228
107,7,7,I,0.365,0.265,0.135,0.2215,0.105,0.047,0.0605
108,7,7,I,0.39,0.3,0.1,0.2665,0.1105,0.059000000000000004,0.084
109,8,7,M,0.54,0.41,0.13,0.56,0.2375,0.1065,0.175
110,7,7,M,0.46,0.345,0.11,0.4595,0.235,0.0885,0.11599999999999999
111,7,7,I,0.3,0.22,0.09,0.1425,0.057,0.0335,0.043
112,8,7,I,0.515,0.4,0.125,0.5625,0.25,0.1245,0.17
113,6,7,I,0.335,0.25,0.075,0.18600000000000003,0.0945,0.038,0.0445
114,7,7,M,0.475,0.36,0.1,0.4285,0.1965,0.099,0.11199999999999999
115,7,7,I,0.37,0.275,0.1,0.22,0.094,0.045,0.065
116,7,7,I,0.435,0.335,0.095,0.298,0.109,0.057999999999999996,0.115
117,6,7,I,0.275,0.215,0.075,0.1155,0.0485,0.028999999999999998,0.035
118,5,7,M,0.31,0.225,0.08,0.1345,0.054000000000000006,0.024,0.05
119,8,7,I,0.52,0.395,0.145,0.77,0.424,0.142,0.1895
120,8,7,I,0.45,0.35,0.135,0.494,0.2205,0.0945,0.1405
121,7,7,I,0.425,0.34,0.1,0.3515,0.1625,0.08199999999999999,0.094
122,7,7,I,0.44,0.325,0.09,0.35,0.14800000000000002,0.067,0.105
123,8,7,I,0.46,0.365,0.115,0.511,0.2365,0.11800000000000001,0.12300000000000001
124,6,7,I,0.33,0.225,0.075,0.187,0.0945,0.0395,0.0425
125,7,7,I,0.37,0.29,0.09,0.2445,0.08900000000000001,0.0655,0.075
126,8,7,M,0.505,0.4,0.135,0.723,0.377,0.149,0.17800000000000002
127,7,7,I,0.415,0.335,0.1,0.358,0.16899999999999998,0.067,0.105
128,6,7,F,0.305,0.225,0.07,0.1485,0.0585,0.0335,0.045
129,8,7,M,0.465,0.36,0.115,0.5795,0.295,0.1395,0.12
130,8,7,I,0.455,0.355,0.125,0.5325,0.225,0.126,0.1465
131,8,7,I,0.48,0.35,0.1,0.519,0.2365,0.1275,0.126
132,8,7,I,0.485,0.385,0.13,0.568,0.2505,0.17800000000000002,0.154
133,7,7,I,0.465,0.365,0.115,0.467,0.2315,0.0925,0.113
134,8,7,I,0.46,0.345,0.11,0.3755,0.1525,0.057999999999999996,0.125
135,8,7,I,0.46,0.355,0.11,0.4255,0.2015,0.081,0.13
136,7,7,I,0.445,0.325,0.1,0.37799999999999995,0.1795,0.1,0.08900000000000001
137,6,7,M,0.285,0.21,0.075,0.1185,0.055,0.0285,0.04
138,8,7,I,0.515,0.385,0.125,0.5720000000000001,0.237,0.1435,0.165
139,9,7,M,0.585,0.465,0.16,0.9555,0.4595,0.23600000000000002,0.265
140,8,7,M,0.485,0.385,0.105,0.556,0.29600000000000004,0.10400000000000001,0.133
141,6,7,I,0.315,0.235,0.07,0.149,0.057999999999999996,0.0325,0.047
142,7,7,I,0.385,0.3,0.125,0.34299999999999997,0.1705,0.0735,0.081
143,7,7,I,0.355,0.275,0.09,0.251,0.09699999999999999,0.053,0.08
144,8,7,I,0.51,0.375,0.1,0.5785,0.23800000000000002,0.1225,0.175
145,7,7,I,0.46,0.345,0.12,0.4155,0.198,0.0885,0.107
146,8,7,F,0.435,0.325,0.11,0.4335,0.17800000000000002,0.0985,0.155
147,6,7,I,0.325,0.25,0.08,0.17600000000000002,0.0595,0.0355,0.063
148,8,7,M,0.425,0.33,0.08,0.361,0.134,0.0825,0.125
149,8,7,I,0.455,0.35,0.135,0.5365,0.2855,0.0855,0.1325
150,8,8,F,0.47,0.375,0.12,0.6015,0.2765,0.1455,0.135
151,6,8,I,0.325,0.24,0.07,0.152,0.0565,0.0305,0.054000000000000006
152,8,8,I,0.5,0.385,0.12,0.56,0.2835,0.10300000000000001,0.135
153,8,8,M,0.535,0.43,0.14,0.7165,0.2855,0.1595,0.2155
154,7,8,I,0.43,0.345,0.115,0.4295,0.212,0.10800000000000001,0.109
155,8,8,I,0.485,0.375,0.11,0.46399999999999997,0.2015,0.09,0.149
156,8,8,I,0.5,0.38,0.125,0.519,0.2485,0.1135,0.134
157,8,8,M,0.475,0.37,0.125,0.649,0.34700000000000003,0.136,0.142
158,8,8,I,0.475,0.355,0.135,0.4775,0.2145,0.09,0.1435
159,9,8,M,0.59,0.47,0.15,0.9955,0.48100000000000004,0.23199999999999998,0.24
160,8,8,I,0.49,0.375,0.115,0.4615,0.204,0.0945,0.14300000000000002
161,7,8,F,0.37,0.275,0.1,0.2225,0.09300000000000001,0.026000000000000002,0.08
162,8,8,M,0.525,0.4,0.14,0.7205,0.3685,0.145,0.1735
163,9,8,F,0.56,0.44,0.155,0.6405,0.336,0.1765,0.245
164,8,8,I,0.45,0.35,0.13,0.547,0.245,0.1405,0.1405
165,8,8,F,0.535,0.42,0.13,0.6990000000000001,0.3125,0.1565,0.2035
166,9,8,F,0.545,0.44,0.15,0.9475,0.366,0.239,0.275
167,8,8,I,0.46,0.37,0.11,0.3965,0.1485,0.0855,0.1455
168,8,8,I,0.515,0.39,0.125,0.5705,0.23800000000000002,0.1265,0.185
169,8,8,I,0.455,0.345,0.11,0.434,0.207,0.0855,0.1215
170,8,8,I,0.465,0.345,0.11,0.39299999999999996,0.1825,0.0735,0.12
171,8,8,F,0.47,0.35,0.115,0.48700000000000004,0.1955,0.127,0.155
172,8,8,I,0.465,0.355,0.12,0.4975,0.2375,0.099,0.14
173,9,8,M,0.61,0.485,0.16,1.0145,0.5315,0.212,0.2415
174,9,8,F,0.595,0.435,0.15,0.9,0.4175,0.17,0.265
175,7,8,I,0.35,0.26,0.095,0.221,0.0985,0.043,0.07
176,8,8,I,0.51,0.395,0.105,0.5525,0.23399999999999999,0.127,0.165
177,8,8,M,0.565,0.445,0.15,0.7959999999999999,0.3635,0.184,0.21899999999999997
178,7,8,M,0.415,0.31,0.09,0.3245,0.1305,0.0735,0.115
179,8,8,I,0.485,0.36,0.12,0.5155,0.2465,0.1025,0.147
180,8,8,I,0.52,0.41,0.12,0.595,0.2385,0.111,0.19
181,8,8,M,0.475,0.355,0.12,0.48,0.23399999999999999,0.1015,0.135
182,9,8,F,0.605,0.48,0.14,0.991,0.4735,0.2345,0.24
183,11,8,F,0.58,0.48,0.18,1.2495,0.4945,0.27,0.371
184,11,8,F,0.635,0.5,0.19,1.29,0.593,0.3045,0.35200000000000004
185,8,8,I,0.575,0.43,0.13,0.7425,0.2895,0.2005,0.22
186,8,8,I,0.46,0.365,0.11,0.4495,0.1755,0.102,0.15
187,8,8,M,0.55,0.385,0.13,0.7275,0.34299999999999997,0.1625,0.19
188,8,8,I,0.555,0.435,0.14,0.765,0.3945,0.15,0.20600000000000002
189,8,8,I,0.475,0.365,0.12,0.5185,0.268,0.1095,0.1365
190,9,8,M,0.72,0.565,0.145,1.187,0.691,0.1945,0.2685
191,9,8,M,0.555,0.435,0.145,0.9205,0.40399999999999997,0.2275,0.255
192,8,8,I,0.545,0.43,0.13,0.7595,0.358,0.153,0.2055
193,9,8,M,0.625,0.5,0.13,1.082,0.5785,0.2045,0.25
194,8,8,I,0.545,0.435,0.135,0.7715,0.37200000000000005,0.14800000000000002,0.22699999999999998
195,7,8,I,0.45,0.34,0.095,0.3245,0.1385,0.064,0.105
196,8,8,F,0.515,0.4,0.125,0.615,0.2865,0.12300000000000001,0.1765
197,7,8,M,0.35,0.275,0.11,0.2925,0.1225,0.0635,0.0905
198,8,8,I,0.435,0.34,0.11,0.3795,0.1495,0.085,0.12
199,8,8,I,0.495,0.375,0.115,0.5755,0.31,0.1145,0.1395
200,8,8,F,0.53,0.42,0.14,0.627,0.2905,0.1165,0.183
201,9,8,M,0.585,0.455,0.15,0.9059999999999999,0.4095,0.23,0.2335
202,7,8,I,0.46,0.335,0.11,0.444,0.225,0.0745,0.11
203,7,8,I,0.385,0.285,0.085,0.244,0.1215,0.0445,0.068
204,7,8,M,0.415,0.315,0.12,0.4015,0.19899999999999998,0.087,0.09699999999999999
205,8,8,I,0.44,0.34,0.105,0.344,0.12300000000000001,0.081,0.125
206,8,8,M,0.555,0.44,0.15,0.838,0.4155,0.146,0.23
207,8,8,I,0.51,0.39,0.125,0.597,0.293,0.1265,0.1555
208,8,8,M,0.49,0.385,0.125,0.649,0.32,0.124,0.1695
209,11,8,M,0.665,0.525,0.16,1.3630000000000002,0.629,0.27899999999999997,0.34
210,8,8,M,0.45,0.35,0.13,0.4655,0.2075,0.1045,0.135
211,9,8,M,0.565,0.455,0.15,0.9795,0.444,0.205,0.275
212,8,8,I,0.56,0.44,0.13,0.7235,0.349,0.149,0.2
213,8,8,I,0.5,0.4,0.12,0.616,0.261,0.14300000000000002,0.1935
214,7,8,M,0.44,0.32,0.12,0.4565,0.2435,0.092,0.1025
215,8,8,F,0.47,0.355,0.18,0.441,0.1525,0.1165,0.135
216,7,8,I,0.41,0.325,0.11,0.326,0.1325,0.075,0.10099999999999999
217,9,8,F,0.59,0.46,0.16,1.0115,0.445,0.2615,0.2565
218,9,8,I,0.59,0.47,0.145,0.9740000000000001,0.45299999999999996,0.23600000000000002,0.289
219,9,8,F,0.55,0.43,0.125,0.9229999999999999,0.4035,0.175,0.28300000000000003
220,7,8,I,0.41,0.3,0.09,0.304,0.129,0.071,0.0955
221,7,8,I,0.405,0.31,0.09,0.312,0.138,0.06,0.087
222,9,8,M,0.485,0.365,0.155,1.0290000000000001,0.4235,0.2285,0.313
223,8,8,I,0.495,0.375,0.115,0.507,0.24100000000000002,0.10300000000000001,0.15
224,7,8,M,0.445,0.35,0.115,0.3615,0.1565,0.0695,0.11699999999999999
225,7,8,I,0.42,0.32,0.115,0.409,0.2055,0.0935,0.105
226,9,8,F,0.595,0.48,0.16,1.2095,0.5225,0.29600000000000004,0.32
227,8,8,I,0.52,0.415,0.14,0.6385,0.2945,0.1405,0.171
228,8,8,I,0.475,0.38,0.12,0.441,0.1785,0.0885,0.1505
229,9,8,M,0.59,0.45,0.155,0.8740000000000001,0.369,0.2135,0.24
230,8,8,I,0.47,0.385,0.13,0.5870000000000001,0.264,0.11699999999999999,0.174
231,8,8,I,0.46,0.35,0.1,0.47100000000000003,0.252,0.077,0.12300000000000001
232,8,8,F,0.47,0.36,0.1,0.4705,0.1635,0.08900000000000001,0.1385
233,8,8,I,0.485,0.38,0.125,0.5215,0.2215,0.11800000000000001,0.16
234,8,8,I,0.43,0.34,0.1,0.3405,0.1395,0.0665,0.12
235,7,8,M,0.355,0.265,0.09,0.168,0.05,0.040999999999999995,0.063
236,8,8,F,0.535,0.425,0.135,0.7709999999999999,0.3765,0.1815,0.1795
237,8,8,I,0.525,0.395,0.12,0.608,0.297,0.1395,0.1405
238,8,8,I,0.51,0.405,0.13,0.599,0.3065,0.1155,0.1485
239,7,8,I,0.385,0.29,0.09,0.2365,0.1,0.0505,0.076
240,9,8,F,0.58,0.445,0.145,0.888,0.41,0.1815,0.2425
241,9,8,F,0.6,0.46,0.15,1.235,0.6025,0.27399999999999997,0.29
242,7,8,I,0.41,0.325,0.105,0.361,0.1605,0.0665,0.10300000000000001
243,9,8,I,0.535,0.385,0.18,1.0835,0.4955,0.2295,0.304
244,8,8,I,0.45,0.34,0.125,0.4045,0.171,0.07,0.1345
245,8,8,I,0.55,0.42,0.13,0.636,0.294,0.14400000000000002,0.1755
246,9,8,M,0.575,0.46,0.165,0.9155,0.4005,0.2465,0.2385
247,9,8,M,0.61,0.48,0.15,1.1495,0.564,0.27399999999999997,0.264
248,8,8,M,0.5,0.4,0.13,0.7715,0.37,0.16,0.21100000000000002
249,8,8,M,0.555,0.41,0.125,0.599,0.2345,0.1465,0.19399999999999998
250,9,8,M,0.55,0.44,0.16,0.985,0.4645,0.201,0.27
251,8,8,F,0.57,0.45,0.135,0.7805,0.3345,0.185,0.21
252,9,9,M,0.555,0.44,0.14,0.8705,0.40700000000000003,0.156,0.255
253,8,9,M,0.525,0.42,0.155,0.8420000000000001,0.428,0.1415,0.2045
254,9,9,F,0.545,0.385,0.15,1.1185,0.5425,0.2445,0.2845
255,9,9,F,0.61,0.45,0.16,1.136,0.414,0.311,0.3
256,8,9,F,0.545,0.41,0.115,0.6765,0.29,0.158,0.22
257,9,9,M,0.61,0.475,0.15,1.1420000000000001,0.62,0.237,0.245
258,8,9,I,0.535,0.39,0.125,0.599,0.2595,0.149,0.16899999999999998
259,9,9,F,0.62,0.48,0.175,1.0405,0.46399999999999997,0.2225,0.3
260,9,9,M,0.6,0.46,0.15,1.247,0.5335,0.2735,0.29
261,8,9,I,0.58,0.42,0.14,0.701,0.3285,0.102,0.2255
262,9,9,F,0.575,0.445,0.14,0.941,0.3845,0.252,0.285
263,9,9,F,0.595,0.455,0.16,1.04,0.452,0.2655,0.28800000000000003
264,8,9,M,0.545,0.41,0.14,0.737,0.349,0.15,0.212
265,7,9,I,0.385,0.29,0.09,0.2615,0.111,0.0595,0.0745
266,9,9,M,0.595,0.48,0.14,0.9125,0.4095,0.1825,0.289
267,11,9,M,0.59,0.5,0.15,1.1420000000000001,0.485,0.265,0.345
268,8,9,F,0.44,0.35,0.125,0.4035,0.175,0.063,0.129
269,11,9,M,0.645,0.485,0.15,1.2215,0.5695,0.2735,0.33
270,9,9,M,0.6,0.48,0.165,0.9165,0.4135,0.1965,0.2725
271,7,9,I,0.42,0.305,0.11,0.28,0.094,0.0785,0.0955
272,8,9,I,0.555,0.43,0.14,0.7665,0.341,0.165,0.23
273,9,9,M,0.645,0.49,0.16,1.251,0.5355,0.3345,0.3165
274,9,9,F,0.615,0.465,0.15,0.9229999999999999,0.4615,0.1825,0.2415
275,11,9,F,0.66,0.505,0.19,1.4045,0.6255,0.3375,0.3745
276,8,9,I,0.515,0.36,0.125,0.4725,0.1815,0.125,0.138
277,9,9,M,0.6,0.475,0.175,1.11,0.5105,0.256,0.285
278,8,9,M,0.505,0.41,0.125,0.642,0.289,0.133,0.155
279,9,9,M,0.61,0.47,0.165,1.052,0.498,0.242,0.267
280,8,9,I,0.565,0.42,0.155,0.743,0.31,0.18600000000000003,0.231
281,9,9,F,0.6,0.485,0.145,0.7759999999999999,0.3545,0.1585,0.239
282,11,9,F,0.635,0.51,0.17,1.2235,0.532,0.271,0.354
283,7,9,M,0.425,0.325,0.12,0.3755,0.142,0.1065,0.105
284,8,9,F,0.58,0.435,0.14,0.953,0.475,0.2165,0.2095
285,8,9,M,0.53,0.405,0.13,0.738,0.2845,0.17,0.193
286,8,9,I,0.5,0.38,0.135,0.594,0.2945,0.10400000000000001,0.1565
287,11,9,M,0.725,0.57,0.19,2.3305,1.253,0.541,0.52
288,7,9,F,0.37,0.285,0.105,0.27,0.1125,0.0585,0.0835
289,6,9,I,0.29,0.225,0.075,0.152,0.071,0.059000000000000004,0.045
290,8,9,I,0.46,0.35,0.11,0.3945,0.1685,0.0865,0.125
291,8,9,F,0.545,0.4,0.14,0.778,0.368,0.215,0.18
292,8,9,F,0.435,0.395,0.105,0.3635,0.136,0.098,0.13
293,8,9,I,0.53,0.405,0.12,0.632,0.2715,0.14800000000000002,0.1875
294,11,9,F,0.64,0.5,0.15,1.2015,0.5589999999999999,0.231,0.3355
295,9,9,F,0.55,0.415,0.18,1.1655,0.502,0.301,0.311
296,7,9,I,0.365,0.26,0.115,0.218,0.0935,0.0445,0.07
297,9,9,M,0.57,0.45,0.14,0.795,0.3385,0.14800000000000002,0.245
298,9,9,F,0.645,0.5,0.15,1.159,0.4675,0.3355,0.31
299,11,9,F,0.67,0.505,0.205,1.3645,0.6075,0.3025,0.353
300,8,9,I,0.44,0.365,0.115,0.501,0.2435,0.084,0.1465
301,11,9,F,0.605,0.5,0.185,1.1185,0.469,0.2585,0.335
302,8,9,I,0.575,0.44,0.125,0.8515,0.4555,0.1715,0.1965
303,8,9,M,0.44,0.335,0.11,0.39399999999999996,0.157,0.096,0.122
304,7,9,I,0.44,0.305,0.115,0.379,0.162,0.091,0.11
305,8,9,M,0.565,0.43,0.13,0.784,0.3495,0.1885,0.213
306,8,9,F,0.515,0.4,0.115,0.578,0.191,0.1445,0.17
307,9,9,I,0.585,0.45,0.135,0.855,0.3795,0.187,0.26
308,9,9,F,0.575,0.465,0.14,0.958,0.442,0.1815,0.2705
309,9,9,M,0.63,0.47,0.145,1.1005,0.52,0.26,0.276
310,9,9,M,0.665,0.5,0.175,1.2975,0.6075,0.314,0.315
311,8,9,M,0.505,0.385,0.11,0.655,0.3185,0.15,0.185
312,8,9,F,0.535,0.41,0.13,0.7145,0.335,0.14400000000000002,0.2075
313,11,9,F,0.625,0.485,0.16,1.254,0.591,0.259,0.3485
314,8,9,I,0.455,0.37,0.125,0.433,0.201,0.1265,0.145
315,8,9,F,0.44,0.34,0.14,0.48200000000000004,0.18600000000000003,0.1085,0.16
316,8,9,F,0.475,0.36,0.125,0.447,0.1695,0.081,0.14
317,9,9,M,0.625,0.47,0.15,1.124,0.556,0.2315,0.287
318,8,9,F,0.45,0.36,0.105,0.4715,0.2035,0.0935,0.149
319,9,9,I,0.56,0.425,0.135,0.8205,0.3715,0.185,0.23600000000000002
320,7,9,M,0.375,0.29,0.1,0.276,0.1175,0.0565,0.085
321,7,9,F,0.405,0.325,0.11,0.3555,0.151,0.063,0.11699999999999999
322,8,9,M,0.555,0.425,0.15,0.873,0.4625,0.1845,0.1965
323,9,9,F,0.58,0.425,0.15,0.8440000000000001,0.3645,0.185,0.2705
324,9,9,M,0.61,0.365,0.155,1.0765,0.488,0.249,0.27
325,8,9,I,0.475,0.355,0.125,0.4865,0.2155,0.1105,0.142
326,8,9,F,0.515,0.39,0.13,0.5755,0.1975,0.13,0.1845
327,9,9,M,0.615,0.475,0.175,1.224,0.6035,0.261,0.311
328,7,9,F,0.415,0.325,0.115,0.3455,0.1405,0.0765,0.11
329,11,9,F,0.725,0.58,0.185,1.5230000000000001,0.8045,0.3595,0.4375
330,8,9,I,0.49,0.39,0.12,0.511,0.2205,0.10300000000000001,0.1745
331,8,9,I,0.52,0.395,0.125,0.6629999999999999,0.3005,0.131,0.1905
332,11,9,M,0.65,0.505,0.18,1.469,0.7115,0.3335,0.38
333,8,9,I,0.52,0.41,0.145,0.6459999999999999,0.2965,0.1595,0.165
334,9,9,M,0.59,0.435,0.165,0.9765,0.4525,0.2395,0.235
335,11,9,F,0.56,0.42,0.18,1.6645,0.7755,0.35,0.4525
336,9,9,M,0.615,0.53,0.17,1.12,0.5775,0.2095,0.28600000000000003
337,11,9,F,0.715,0.565,0.18,1.79,0.8440000000000001,0.3535,0.5385
338,9,9,F,0.565,0.45,0.175,1.0095,0.447,0.2375,0.2645
339,8,9,M,0.55,0.41,0.13,0.8705,0.4455,0.2115,0.213
340,11,9,F,0.605,0.475,0.165,1.056,0.433,0.2195,0.35700000000000004
341,9,9,F,0.58,0.45,0.15,0.92,0.39299999999999996,0.212,0.2895
342,8,9,I,0.585,0.42,0.145,0.6735,0.2895,0.1345,0.22
343,7,9,F,0.38,0.3,0.09,0.3215,0.1545,0.075,0.095
344,8,9,M,0.475,0.355,0.125,0.4625,0.18600000000000003,0.107,0.145
345,8,9,I,0.475,0.365,0.125,0.5465,0.22899999999999998,0.1185,0.172
346,9,9,M,0.59,0.455,0.16,1.09,0.5,0.2215,0.292
347,11,9,F,0.51,0.37,0.21,1.183,0.508,0.292,0.34299999999999997
348,8,9,M,0.455,0.34,0.135,0.462,0.1675,0.158,0.12
349,11,9,M,0.625,0.495,0.155,1.177,0.5055,0.278,0.345
350,8,9,I,0.54,0.43,0.14,0.8195,0.3935,0.1725,0.2295
351,8,9,I,0.54,0.415,0.135,0.7090000000000001,0.3195,0.174,0.185
352,8,9,M,0.53,0.41,0.125,0.769,0.34600000000000003,0.17300000000000001,0.215
353,8,9,M,0.58,0.455,0.17,0.93,0.408,0.259,0.22
354,8,9,M,0.515,0.37,0.115,0.6145,0.3415,0.155,0.146
355,7,9,I,0.44,0.365,0.11,0.4465,0.213,0.08900000000000001,0.1135
356,9,9,F,0.575,0.48,0.165,1.078,0.511,0.2095,0.306
357,8,9,M,0.455,0.35,0.105,0.401,0.1575,0.083,0.135
358,8,9,F,0.49,0.4,0.115,0.569,0.256,0.1325,0.145
359,9,9,I,0.575,0.45,0.125,0.78,0.3275,0.188,0.235
360,11,9,M,0.64,0.49,0.155,1.1285,0.47700000000000004,0.26899999999999996,0.34
361,9,9,M,0.585,0.465,0.15,0.98,0.4315,0.2545,0.247
362,8,9,I,0.445,0.36,0.11,0.4235,0.182,0.0765,0.14
363,9,9,M,0.6,0.475,0.155,1.1385,0.502,0.2295,0.31
364,8,9,F,0.53,0.43,0.15,0.741,0.325,0.1855,0.196
365,9,9,M,0.61,0.47,0.16,1.022,0.449,0.2345,0.2945
366,8,9,F,0.525,0.4,0.13,0.6995,0.3115,0.131,0.223
367,8,9,I,0.55,0.42,0.155,0.912,0.495,0.1805,0.205
368,9,9,I,0.565,0.44,0.135,0.768,0.3305,0.1385,0.2475
369,9,9,F,0.55,0.43,0.14,0.8105,0.368,0.161,0.275
370,11,9,F,0.575,0.465,0.175,1.099,0.4735,0.20199999999999999,0.35
371,9,9,F,0.645,0.51,0.16,1.2415,0.5815,0.276,0.315
372,8,9,M,0.54,0.435,0.14,0.7345,0.33,0.1595,0.213
373,11,9,M,0.58,0.455,0.195,1.859,0.945,0.426,0.441
374,7,9,F,0.45,0.325,0.135,0.43799999999999994,0.1805,0.1165,0.11
375,9,10,F,0.625,0.485,0.15,1.0945,0.531,0.261,0.29600000000000004
376,8,10,M,0.57,0.435,0.13,0.7535,0.349,0.1755,0.19399999999999998
377,9,10,F,0.565,0.46,0.15,0.8765,0.3455,0.1925,0.275
378,11,10,M,0.64,0.505,0.155,1.4025,0.705,0.2655,0.335
379,11,10,M,0.645,0.5,0.175,1.3375,0.5539999999999999,0.308,0.415
380,11,10,F,0.615,0.5,0.165,1.327,0.6,0.3015,0.355
381,11,10,I,0.61,0.475,0.15,0.9665,0.4145,0.2,0.345
382,8,10,F,0.49,0.365,0.145,0.6345,0.1995,0.1625,0.22
383,9,10,I,0.555,0.43,0.155,0.7395,0.3135,0.1435,0.28
384,9,10,M,0.58,0.455,0.15,1.012,0.4985,0.2115,0.2835
385,7,10,I,0.415,0.31,0.11,0.2965,0.12300000000000001,0.057,0.0995
386,9,10,F,0.645,0.48,0.17,1.1345,0.528,0.254,0.305
387,7,10,M,0.37,0.29,0.09,0.24100000000000002,0.11,0.045,0.069
388,7,10,F,0.4,0.31,0.115,0.3465,0.1475,0.0695,0.115
389,8,10,M,0.6,0.465,0.155,1.0165,0.512,0.2465,0.225
390,9,10,F,0.545,0.415,0.16,0.7715,0.272,0.1455,0.2765
391,9,10,M,0.59,0.465,0.165,1.115,0.5165,0.273,0.275
392,9,10,M,0.58,0.44,0.175,1.2255,0.5405,0.2705,0.3265
393,8,10,M,0.58,0.43,0.125,0.9115,0.446,0.2075,0.121
394,9,10,F,0.55,0.45,0.145,0.741,0.295,0.1435,0.2665
395,9,10,I,0.64,0.49,0.135,1.1,0.488,0.2505,0.2925
396,7,10,M,0.33,0.25,0.09,0.19699999999999998,0.085,0.040999999999999995,0.0605
397,11,10,M,0.66,0.525,0.18,1.4780000000000002,0.5815,0.381,0.37200000000000005
398,11,10,I,0.605,0.49,0.165,1.071,0.48200000000000004,0.1935,0.35200000000000004
399,11,10,M,0.685,0.55,0.19,1.885,0.89,0.41,0.4895
400,8,10,I,0.475,0.365,0.115,0.499,0.23199999999999998,0.0885,0.156
401,9,10,I,0.545,0.425,0.14,0.8145,0.305,0.231,0.244
402,9,10,M,0.54,0.455,0.14,0.972,0.419,0.255,0.26899999999999996
403,9,10,F,0.6,0.47,0.15,0.922,0.363,0.19399999999999998,0.305
404,8,10,I,0.54,0.405,0.15,0.7585,0.307,0.2075,0.19
405,9,10,M,0.625,0.5,0.175,1.0565,0.4615,0.258,0.305
406,11,10,F,0.695,0.535,0.175,1.8385,0.8035,0.396,0.503
407,11,10,M,0.635,0.49,0.16,1.101,0.534,0.1865,0.3455
408,8,10,M,0.46,0.355,0.14,0.491,0.207,0.115,0.174
409,8,10,M,0.475,0.37,0.125,0.655,0.266,0.1725,0.185
410,11,10,M,0.595,0.49,0.185,1.185,0.48200000000000004,0.2015,0.361
411,11,10,M,0.625,0.5,0.185,1.2425,0.5995,0.248,0.335
412,9,10,M,0.605,0.48,0.17,1.1835,0.5820000000000001,0.2365,0.317
413,8,10,M,0.525,0.405,0.135,0.7575,0.3305,0.21600000000000003,0.195
414,8,10,I,0.535,0.4,0.145,0.705,0.3065,0.1365,0.22
415,9,10,M,0.605,0.455,0.16,1.1215,0.5329999999999999,0.273,0.271
416,11,10,M,0.645,0.53,0.195,1.39,0.6465,0.2945,0.3735
417,9,10,F,0.595,0.465,0.145,0.7955,0.3425,0.1795,0.2425
418,9,10,M,0.61,0.47,0.175,1.214,0.5315,0.2835,0.325
419,8,10,F,0.49,0.37,0.14,0.585,0.243,0.115,0.195
420,8,10,M,0.51,0.39,0.125,0.6565,0.262,0.1835,0.175
421,8,10,M,0.595,0.455,0.15,0.8859999999999999,0.4315,0.201,0.223
422,11,10,F,0.62,0.5,0.15,1.2930000000000001,0.596,0.3135,0.354
423,11,10,M,0.7,0.525,0.175,1.7585,0.8745,0.3615,0.47
424,11,10,F,0.64,0.515,0.165,1.3115,0.4945,0.2555,0.41
425,9,10,F,0.565,0.445,0.155,0.826,0.341,0.2055,0.2475
426,9,10,M,0.625,0.515,0.165,1.217,0.667,0.2065,0.3115
427,11,10,M,0.645,0.505,0.165,1.307,0.4335,0.262,0.52
428,7,10,I,0.355,0.27,0.1,0.21600000000000003,0.083,0.037000000000000005,0.075
429,9,10,M,0.615,0.455,0.13,0.9685,0.49,0.182,0.2655
430,8,10,M,0.485,0.355,0.12,0.547,0.215,0.1615,0.14
431,8,10,F,0.525,0.415,0.15,0.7055,0.32899999999999996,0.147,0.19899999999999998
432,8,10,F,0.48,0.405,0.13,0.6375,0.27699999999999997,0.1445,0.21
433,11,10,M,0.645,0.51,0.195,1.226,0.5885,0.2215,0.3745
434,7,10,F,0.415,0.305,0.105,0.3605,0.12,0.08199999999999999,0.1
435,6,10,M,0.345,0.255,0.08,0.16899999999999998,0.06,0.0425,0.054000000000000006
436,9,10,M,0.615,0.475,0.175,1.103,0.4635,0.3095,0.2725
437,9,10,F,0.58,0.5,0.165,0.925,0.37,0.185,0.3005
438,8,10,F,0.53,0.41,0.13,0.6965,0.302,0.1935,0.2
439,9,10,F,0.585,0.465,0.145,0.9855,0.4325,0.2145,0.2845
440,8,10,M,0.445,0.345,0.09,0.3795,0.14300000000000002,0.07400000000000001,0.125
441,11,10,F,0.625,0.47,0.17,1.255,0.525,0.2415,0.405
442,9,10,F,0.57,0.435,0.15,0.8295,0.3875,0.156,0.245
443,11,10,F,0.655,0.51,0.175,1.415,0.5885,0.3725,0.364
444,9,10,M,0.59,0.46,0.145,0.929,0.38,0.24,0.255
445,8,10,F,0.46,0.33,0.15,0.5325,0.2085,0.1805,0.125
446,8,10,F,0.515,0.415,0.14,0.6935,0.3115,0.152,0.2
447,11,10,M,0.67,0.54,0.175,1.482,0.7390000000000001,0.2925,0.365
448,8,10,M,0.465,0.405,0.135,0.7775,0.436,0.1715,0.1455
449,11,10,M,0.64,0.51,0.17,1.3715,0.5670000000000001,0.307,0.409
450,11,10,F,0.67,0.505,0.175,1.0145,0.4375,0.271,0.3745
451,11,10,M,0.66,0.53,0.175,1.5830000000000002,0.7395,0.3505,0.405
452,11,10,F,0.62,0.485,0.175,1.2155,0.545,0.253,0.345
453,11,10,F,0.73,0.555,0.18,1.6895,0.6555,0.1965,0.4935
454,9,10,I,0.62,0.45,0.135,0.924,0.358,0.2265,0.2965
455,9,10,M,0.58,0.46,0.155,1.4395,0.6715,0.273,0.2955
456,9,10,M,0.58,0.45,0.14,0.8240000000000001,0.3465,0.1765,0.263
457,8,10,M,0.43,0.35,0.11,0.406,0.1675,0.081,0.135
458,9,10,I,0.525,0.4,0.14,0.6955,0.2405,0.16,0.253
459,11,10,F,0.6,0.48,0.165,1.1345,0.4535,0.27,0.335
460,7,10,F,0.38,0.29,0.105,0.257,0.099,0.051,0.085
461,9,10,F,0.62,0.51,0.18,1.2329999999999999,0.5920000000000001,0.27399999999999997,0.322
462,8,10,M,0.58,0.455,0.135,0.7955,0.405,0.16699999999999998,0.204
463,9,10,M,0.595,0.47,0.155,1.2015,0.49200000000000005,0.3865,0.265
464,8,10,F,0.51,0.4,0.14,0.8145,0.45899999999999996,0.1965,0.195
465,11,10,M,0.66,0.495,0.195,1.6275,0.594,0.3595,0.485
466,8,10,F,0.44,0.34,0.13,0.4195,0.153,0.1155,0.13
467,11,10,F,0.63,0.5,0.175,1.1105,0.467,0.268,0.32899999999999996
468,8,10,I,0.52,0.425,0.17,0.6805,0.28,0.174,0.195
469,11,10,M,0.61,0.49,0.16,1.112,0.465,0.228,0.341
470,11,10,F,0.665,0.53,0.18,1.4909999999999999,0.6345,0.342,0.435
471,11,10,F,0.66,0.535,0.205,1.4415,0.5925,0.2775,0.49
472,11,10,M,0.615,0.47,0.165,1.128,0.4465,0.2195,0.34
473,11,10,F,0.605,0.49,0.15,1.1345,0.4305,0.2525,0.35
474,11,10,M,0.77,0.6,0.215,2.1945,1.0515,0.48200000000000004,0.584
475,8,10,M,0.51,0.4,0.14,0.6905,0.259,0.151,0.23
476,11,10,F,0.675,0.53,0.175,1.4465,0.6775,0.33,0.389
477,8,10,M,0.47,0.36,0.135,0.501,0.1665,0.115,0.165
478,11,10,M,0.7,0.6,0.23,2.003,0.8105,0.4045,0.5755
479,11,10,M,0.635,0.495,0.17,1.3695,0.657,0.3055,0.365
480,11,10,M,0.66,0.515,0.165,1.4465,0.6940000000000001,0.298,0.3755
481,9,10,F,0.645,0.5,0.16,1.2465,0.5475,0.327,0.3
482,9,10,M,0.56,0.44,0.16,1.1115,0.5035,0.2785,0.26
483,8,10,M,0.425,0.34,0.12,0.38799999999999996,0.149,0.087,0.125
484,11,10,M,0.655,0.55,0.18,1.274,0.586,0.281,0.365
485,8,10,M,0.475,0.375,0.125,0.593,0.27699999999999997,0.115,0.18
486,11,10,M,0.65,0.525,0.185,1.6219999999999999,0.6645,0.3225,0.47700000000000004
487,11,10,M,0.685,0.535,0.155,1.3845,0.6615,0.2145,0.4075
488,9,10,M,0.605,0.475,0.15,1.15,0.575,0.23199999999999998,0.297
489,9,10,M,0.625,0.48,0.145,1.085,0.4645,0.2445,0.327
490,11,11,M,0.64,0.575,0.175,1.4585,0.625,0.266,0.4395
491,9,11,F,0.625,0.47,0.145,0.9840000000000001,0.475,0.2,0.265
492,9,11,M,0.64,0.495,0.165,1.307,0.6779999999999999,0.292,0.266
493,9,11,F,0.585,0.475,0.165,1.053,0.45799999999999996,0.217,0.3
494,11,11,F,0.665,0.52,0.165,1.6885,0.7295,0.40700000000000003,0.4265
495,7,11,M,0.4,0.31,0.11,0.314,0.138,0.057,0.1
496,9,11,M,0.635,0.495,0.15,1.081,0.4825,0.242,0.31
497,11,11,F,0.71,0.56,0.18,1.652,0.735,0.381,0.4525
498,11,11,F,0.68,0.52,0.185,1.494,0.615,0.3935,0.406
499,8,11,F,0.495,0.385,0.135,0.6625,0.3005,0.1635,0.185
500,9,11,M,0.615,0.475,0.155,1.0735,0.4375,0.2585,0.31
501,8,11,M,0.455,0.355,0.13,0.515,0.2,0.1275,0.175
502,11,11,M,0.64,0.53,0.165,1.1895,0.4765,0.3,0.35
503,11,11,F,0.65,0.495,0.175,1.227,0.528,0.258,0.37
504,11,11,F,0.62,0.5,0.175,1.107,0.4895,0.24,0.34299999999999997
505,11,11,F,0.65,0.525,0.19,1.385,0.8875,0.3095,0.405
506,9,11,F,0.61,0.49,0.17,1.3475,0.7045,0.25,0.3045
507,9,11,I,0.59,0.46,0.145,0.9015,0.419,0.1785,0.26
508,11,11,F,0.695,0.565,0.19,1.7635,0.7465,0.39899999999999997,0.4975
509,8,11,M,0.465,0.36,0.125,0.4365,0.16899999999999998,0.1075,0.145
510,9,11,M,0.6,0.48,0.155,1.014,0.451,0.1885,0.325
511,9,11,I,0.605,0.435,0.13,0.9025,0.43200000000000005,0.174,0.26
512,11,11,M,0.63,0.49,0.155,1.229,0.535,0.29,0.335
513,11,11,F,0.64,0.5,0.18,1.4995,0.593,0.314,0.431
514,11,11,F,0.655,0.5,0.205,1.528,0.6215,0.3725,0.4535
515,11,11,M,0.68,0.515,0.17,1.6115,0.8415,0.306,0.395
516,11,11,M,0.655,0.52,0.18,1.492,0.7185,0.36,0.355
517,9,11,M,0.67,0.515,0.165,1.1735,0.526,0.285,0.316
518,8,11,F,0.44,0.355,0.115,0.415,0.1585,0.0925,0.131
519,11,11,M,0.65,0.52,0.17,1.3655,0.6155,0.2885,0.36
520,9,11,M,0.6,0.475,0.15,1.089,0.5195,0.223,0.292
521,8,11,M,0.45,0.335,0.14,0.478,0.1865,0.115,0.16
522,9,11,F,0.605,0.485,0.165,0.9515,0.4535,0.193,0.2765
523,11,11,M,0.64,0.525,0.185,1.7069999999999999,0.763,0.4205,0.4435
524,11,11,M,0.75,0.55,0.18,1.893,0.9420000000000001,0.397,0.445
525,11,11,M,0.65,0.495,0.17,1.276,0.6215,0.2305,0.39899999999999997
526,7,11,M,0.355,0.28,0.095,0.2455,0.0955,0.062,0.075
527,9,11,F,0.59,0.415,0.15,0.8805,0.3645,0.23399999999999999,0.235
528,11,11,F,0.655,0.505,0.195,1.4405,0.688,0.3805,0.363
529,11,11,F,0.725,0.57,0.205,1.6195,0.7440000000000001,0.315,0.488
530,9,11,M,0.535,0.41,0.15,0.8105,0.345,0.187,0.24
531,9,11,F,0.585,0.42,0.155,1.034,0.43700000000000006,0.2225,0.32
532,11,11,F,0.655,0.515,0.17,1.527,0.8485,0.2635,0.331
533,7,11,I,0.39,0.31,0.1,0.302,0.11599999999999999,0.064,0.115
534,9,11,F,0.59,0.475,0.155,0.9715,0.371,0.235,0.28
535,8,11,I,0.525,0.43,0.15,0.7365,0.3225,0.161,0.215
536,9,11,F,0.705,0.545,0.17,1.58,0.6435,0.4565,0.265
537,11,11,F,0.67,0.515,0.17,1.4265,0.6605,0.3395,0.37
538,9,11,F,0.58,0.455,0.12,0.94,0.39899999999999997,0.257,0.265
539,9,11,M,0.55,0.45,0.13,0.92,0.37799999999999995,0.2385,0.29
540,11,11,F,0.615,0.49,0.19,1.1345,0.4695,0.257,0.348
541,11,11,M,0.67,0.535,0.19,1.669,0.7465,0.2935,0.508
542,9,11,I,0.565,0.43,0.135,0.8545,0.321,0.1775,0.275
543,11,11,F,0.615,0.525,0.155,1.0385,0.42700000000000005,0.2315,0.345
544,8,11,I,0.53,0.41,0.15,0.612,0.2435,0.1525,0.1895
545,9,11,F,0.555,0.425,0.14,0.7879999999999999,0.282,0.1595,0.285
546,9,11,F,0.6,0.465,0.16,1.133,0.466,0.2885,0.298
547,9,11,M,0.615,0.495,0.155,1.2865,0.435,0.293,0.3245
548,9,11,M,0.575,0.47,0.14,0.8375,0.3485,0.1735,0.24
549,11,11,F,0.66,0.53,0.185,1.3459999999999999,0.546,0.2705,0.47600000000000003
550,8,11,M,0.49,0.395,0.14,0.5489999999999999,0.2215,0.1275,0.15
551,9,11,F,0.6,0.45,0.14,0.8690000000000001,0.3425,0.195,0.29100000000000004
552,11,11,M,0.655,0.515,0.16,1.31,0.5529999999999999,0.369,0.345
553,11,11,F,0.635,0.495,0.195,1.297,0.556,0.2985,0.37
554,8,11,F,0.545,0.41,0.125,0.6935,0.2975,0.146,0.21
555,9,11,M,0.52,0.41,0.115,0.77,0.263,0.157,0.26
556,9,11,M,0.595,0.5,0.165,1.06,0.402,0.28,0.275
557,9,11,M,0.585,0.43,0.16,0.955,0.3625,0.17600000000000002,0.27
558,9,11,M,0.56,0.455,0.155,0.797,0.34,0.19,0.2425
559,9,11,M,0.56,0.45,0.145,0.9355,0.425,0.1645,0.2725
560,11,11,M,0.735,0.585,0.185,2.124,0.9520000000000001,0.55,0.5
561,11,11,F,0.755,0.625,0.21,2.505,1.1965,0.513,0.6785
562,9,11,M,0.63,0.505,0.155,1.105,0.49200000000000005,0.226,0.325
563,11,11,F,0.635,0.485,0.155,1.073,0.467,0.1975,0.35
564,11,11,F,0.625,0.515,0.155,1.1635,0.4875,0.259,0.355
565,8,11,M,0.42,0.34,0.125,0.4495,0.165,0.1125,0.14400000000000002
566,8,11,F,0.46,0.38,0.13,0.639,0.3,0.1525,0.16
567,11,11,F,0.735,0.6,0.22,2.555,1.1335,0.44,0.6
568,8,11,F,0.51,0.34,0.18,0.7005,0.312,0.165,0.2
569,11,11,M,0.63,0.515,0.175,1.1955,0.49200000000000005,0.247,0.37
570,9,11,F,0.615,0.475,0.175,1.194,0.5589999999999999,0.259,0.3165
571,11,11,M,0.71,0.555,0.175,2.14,1.2455,0.3725,0.434
572,11,11,M,0.69,0.55,0.18,1.6915,0.6655,0.402,0.5
573,9,11,I,0.56,0.445,0.165,1.0285,0.4535,0.253,0.275
574,9,12,F,0.625,0.48,0.155,1.2035,0.5865,0.239,0.3185
575,9,12,F,0.595,0.465,0.155,1.026,0.4645,0.11199999999999999,0.305
576,11,12,F,0.57,0.465,0.18,1.295,0.33899999999999997,0.2225,0.44
577,11,12,F,0.655,0.545,0.165,1.6225,0.6555,0.299,0.513
578,11,12,M,0.665,0.515,0.2,1.2695,0.5115,0.2675,0.436
579,9,12,F,0.575,0.45,0.12,0.9585,0.447,0.16899999999999998,0.275
580,11,12,F,0.74,0.575,0.22,2.012,0.8915,0.5265,0.47100000000000003
581,9,12,M,0.55,0.41,0.15,0.785,0.282,0.18600000000000003,0.275
582,11,12,M,0.695,0.525,0.175,1.742,0.696,0.389,0.505
583,9,12,F,0.565,0.44,0.155,0.9395,0.4275,0.214,0.27
584,9,12,F,0.52,0.41,0.115,0.807,0.2855,0.179,0.235
585,11,12,F,0.575,0.45,0.16,0.9775,0.3135,0.231,0.33
586,9,12,M,0.5,0.4,0.13,0.6645,0.258,0.133,0.24
587,9,12,M,0.565,0.45,0.14,1.0055,0.3785,0.244,0.265
588,8,12,F,0.5,0.405,0.15,0.5965,0.253,0.126,0.185
589,11,12,M,0.715,0.52,0.18,1.6,0.708,0.3525,0.445
590,11,12,M,0.605,0.47,0.16,1.1735,0.4975,0.2405,0.345
591,11,12,F,0.68,0.505,0.17,1.3435,0.657,0.297,0.355
592,11,12,F,0.59,0.465,0.15,0.997,0.392,0.24600000000000002,0.34
593,11,12,F,0.67,0.53,0.205,1.4015,0.643,0.2465,0.41600000000000004
594,11,12,F,0.635,0.5,0.175,1.4769999999999999,0.684,0.3005,0.39
595,8,12,F,0.45,0.36,0.11,0.447,0.203,0.08199999999999999,0.13
596,9,12,F,0.525,0.41,0.15,0.708,0.27399999999999997,0.151,0.25
597,11,12,M,0.71,0.555,0.195,1.9485,0.9455,0.3765,0.495
598,8,12,F,0.7,0.545,0.13,1.556,0.6725,0.374,0.195
599,8,12,M,0.55,0.46,0.13,0.7085,0.305,0.1455,0.205
600,9,12,M,0.62,0.48,0.15,1.266,0.6285,0.2575,0.309
601,8,12,I,0.535,0.41,0.155,0.6315,0.2745,0.1415,0.1815
602,9,12,M,0.55,0.45,0.155,0.7895,0.34299999999999997,0.159,0.25
603,9,12,M,0.5,0.405,0.155,0.772,0.34600000000000003,0.1535,0.245
604,9,12,F,0.52,0.41,0.155,0.727,0.29100000000000004,0.1835,0.235
605,11,12,M,0.77,0.62,0.195,2.5155,1.1155,0.6415,0.642
606,11,12,F,0.675,0.525,0.17,1.8095,0.784,0.391,0.455
607,9,12,F,0.61,0.48,0.16,1.234,0.598,0.23800000000000002,0.315
608,9,12,I,0.56,0.44,0.165,0.8,0.335,0.1735,0.25
609,11,12,F,0.66,0.5,0.165,1.1905,0.4585,0.298,0.37
610,9,12,M,0.61,0.48,0.165,1.244,0.6345,0.257,0.305
611,9,12,M,0.535,0.42,0.15,0.6995,0.2575,0.153,0.24
612,9,12,M,0.495,0.385,0.135,0.7090000000000001,0.21100000000000002,0.1375,0.262
613,11,12,M,0.665,0.52,0.175,1.3725,0.606,0.32,0.395
614,9,12,F,0.59,0.455,0.165,1.161,0.38,0.2455,0.28
615,11,12,F,0.645,0.51,0.2,1.5675,0.621,0.36700000000000005,0.46
616,11,12,F,0.705,0.535,0.18,1.685,0.693,0.42,0.4045
617,8,12,F,0.515,0.435,0.17,0.631,0.2765,0.111,0.21600000000000003
618,11,12,F,0.68,0.5,0.185,1.7409999999999999,0.7665,0.3255,0.4685
619,8,12,F,0.505,0.38,0.145,0.6509999999999999,0.2935,0.19,0.17
620,11,12,F,0.565,0.45,0.165,0.9765,0.322,0.244,0.37
621,11,12,F,0.73,0.575,0.185,1.8795,0.9309999999999999,0.38,0.4825
622,11,13,F,0.655,0.52,0.175,1.472,0.6275,0.27,0.45
623,11,13,M,0.55,0.43,0.16,0.9295,0.317,0.1735,0.355
624,8,13,F,0.51,0.4,0.13,0.5735,0.21899999999999997,0.1365,0.195
625,9,13,M,0.485,0.41,0.15,0.696,0.2405,0.1625,0.265
626,9,13,M,0.555,0.425,0.13,0.7665,0.264,0.168,0.275
627,9,13,F,0.525,0.415,0.17,0.8325,0.2755,0.1685,0.31
628,9,13,F,0.5,0.385,0.13,0.768,0.2625,0.095,0.27
629,11,13,F,0.595,0.495,0.185,1.285,0.41600000000000004,0.22399999999999998,0.485
630,9,13,M,0.555,0.43,0.165,0.7575,0.2735,0.1635,0.275
631,11,13,M,0.62,0.505,0.185,1.5275,0.69,0.368,0.35
632,9,13,I,0.51,0.4,0.15,0.745,0.2865,0.1675,0.235
633,8,13,M,0.545,0.42,0.13,0.879,0.374,0.1695,0.23
634,11,13,M,0.65,0.525,0.205,1.4275,0.69,0.306,0.4355
635,9,13,M,0.58,0.46,0.13,0.9209999999999999,0.35700000000000004,0.18100000000000002,0.29
636,11,13,F,0.705,0.55,0.2,1.7095,0.633,0.4115,0.49
637,7,13,I,0.46,0.355,0.14,0.4935,0.21600000000000003,0.133,0.115
638,11,13,M,0.68,0.54,0.21,1.7885,0.8345,0.408,0.43700000000000006
639,11,13,F,0.645,0.525,0.2,1.449,0.601,0.2565,0.505
640,11,13,M,0.72,0.58,0.19,2.0885,0.9955,0.478,0.5305
641,8,13,F,0.475,0.4,0.115,0.541,0.18600000000000003,0.1025,0.21
642,9,13,M,0.575,0.44,0.16,0.9615,0.483,0.166,0.275
643,9,13,F,0.625,0.475,0.13,0.8595,0.3195,0.1775,0.24
644,11,13,F,0.67,0.52,0.19,1.32,0.5235,0.3095,0.4275
645,9,13,M,0.555,0.44,0.135,0.9025,0.3805,0.2105,0.28
646,11,13,M,0.69,0.515,0.18,1.8445,0.9815,0.4655,0.341
647,11,13,M,0.615,0.49,0.17,1.145,0.4915,0.20800000000000002,0.34299999999999997
648,8,13,I,0.515,0.42,0.135,0.711,0.337,0.14400000000000002,0.205
649,11,13,F,0.645,0.5,0.18,1.2785,0.5345,0.2995,0.345
650,11,13,F,0.695,0.525,0.205,1.8185,0.8190000000000001,0.4025,0.4525
651,8,13,I,0.495,0.38,0.145,0.515,0.175,0.098,0.212
652,9,13,M,0.55,0.435,0.16,0.9059999999999999,0.342,0.21899999999999997,0.295
653,11,13,M,0.74,0.535,0.185,1.65,0.7340000000000001,0.4505,0.335
654,9,13,F,0.605,0.485,0.16,1.222,0.53,0.2575,0.28
655,11,13,F,0.59,0.485,0.205,1.2315,0.4525,0.23800000000000002,0.42
656,9,13,F,0.49,0.4,0.145,0.6635,0.21,0.1295,0.2515
657,11,13,F,0.595,0.5,0.18,1.053,0.4405,0.192,0.39
658,9,13,M,0.615,0.48,0.18,1.1595,0.4845,0.2165,0.325
659,8,14,M,0.475,0.385,0.145,0.6175,0.235,0.10800000000000001,0.215
660,8,14,M,0.48,0.38,0.135,0.528,0.2,0.1395,0.16
661,9,14,M,0.56,0.42,0.195,0.8085,0.3025,0.1795,0.285
662,9,14,M,0.575,0.455,0.145,1.165,0.581,0.2275,0.3
663,8,14,M,0.485,0.395,0.14,0.6295,0.2285,0.127,0.225
664,8,14,I,0.58,0.42,0.16,0.728,0.2725,0.19,0.19
665,11,14,I,0.625,0.46,0.16,1.2395,0.55,0.273,0.38
666,9,14,F,0.615,0.47,0.175,1.2985,0.5135,0.34299999999999997,0.32
667,11,14,F,0.555,0.455,0.18,0.958,0.29600000000000004,0.195,0.39
668,8,14,I,0.44,0.345,0.12,0.48700000000000004,0.1965,0.10800000000000001,0.16
669,11,14,M,0.68,0.53,0.205,1.496,0.5825,0.337,0.465
670,8,14,F,0.485,0.365,0.14,0.6195,0.2595,0.1445,0.177
671,11,14,F,0.625,0.515,0.18,1.3485,0.5255,0.252,0.3925
672,8,14,I,0.47,0.4,0.16,0.51,0.1615,0.073,0.198
673,8,14,M,0.59,0.45,0.12,0.7485,0.3345,0.1315,0.22
674,11,14,M,0.62,0.485,0.205,1.219,0.3875,0.2505,0.385
675,9,14,M,0.585,0.45,0.15,1.047,0.4315,0.276,0.315
676,11,14,M,0.76,0.575,0.19,1.829,0.7035,0.386,0.56
677,8,14,F,0.5,0.44,0.155,0.742,0.2025,0.2005,0.2115
678,7,14,I,0.385,0.305,0.095,0.252,0.0915,0.055,0.09
679,9,14,F,0.57,0.445,0.155,0.733,0.282,0.159,0.235
680,9,14,M,0.57,0.48,0.18,0.9395,0.39899999999999997,0.2,0.295
681,9,14,I,0.61,0.475,0.17,1.0385,0.4435,0.24100000000000002,0.32
682,8,15,F,0.52,0.4,0.13,0.6245,0.215,0.2065,0.17
683,9,15,M,0.565,0.425,0.135,0.8115,0.341,0.1675,0.255
684,8,15,F,0.48,0.37,0.13,0.5885,0.2475,0.1505,0.1595
685,11,15,F,0.64,0.54,0.175,1.2209999999999999,0.51,0.259,0.39
686,9,15,M,0.565,0.44,0.185,0.909,0.344,0.2325,0.255
687,8,15,F,0.505,0.41,0.135,0.657,0.29100000000000004,0.133,0.195
688,11,15,F,0.575,0.46,0.185,1.094,0.4485,0.217,0.345
689,8,15,F,0.52,0.4,0.12,0.6515,0.261,0.2015,0.165
690,8,15,F,0.485,0.38,0.15,0.605,0.2155,0.14,0.18
691,11,15,M,0.53,0.435,0.16,0.883,0.316,0.16399999999999998,0.335
692,9,15,F,0.605,0.475,0.145,1.0185,0.4695,0.225,0.27
693,11,15,M,0.62,0.495,0.195,1.5145,0.579,0.34600000000000003,0.5195
694,8,15,I,0.465,0.36,0.105,0.498,0.214,0.11599999999999999,0.14
695,11,15,M,0.56,0.45,0.175,1.011,0.3835,0.2065,0.37
696,11,15,F,0.595,0.48,0.2,0.975,0.358,0.2035,0.34
697,9,15,M,0.57,0.465,0.125,0.8490000000000001,0.3785,0.1765,0.24
698,9,15,M,0.545,0.44,0.165,0.7440000000000001,0.2875,0.204,0.25
699,9,15,F,0.6,0.475,0.15,1.0075,0.4425,0.221,0.28
700,11,16,M,0.565,0.455,0.185,0.9265,0.354,0.1575,0.375
701,9,16,F,0.535,0.425,0.155,0.7765,0.302,0.1565,0.25
702,11,16,M,0.64,0.5,0.185,1.3035,0.4445,0.2635,0.465
703,9,16,F,0.6,0.48,0.15,1.0290000000000001,0.4085,0.2705,0.295
704,8,16,M,0.44,0.35,0.14,0.451,0.171,0.0705,0.184
705,11,16,F,0.625,0.525,0.215,1.5765,0.5115,0.2595,0.665
706,11,16,I,0.6,0.445,0.175,1.057,0.38299999999999995,0.21600000000000003,0.355
707,11,16,F,0.54,0.475,0.155,1.217,0.5305,0.3075,0.34
708,11,16,M,0.59,0.45,0.185,1.2830000000000001,0.473,0.276,0.425
709,8,16,F,0.525,0.39,0.135,0.6005,0.2265,0.131,0.21
710,11,17,F,0.71,0.565,0.195,1.7265,0.638,0.3365,0.565
711,9,17,I,0.54,0.435,0.145,0.97,0.4285,0.22,0.264
712,11,17,F,0.615,0.5,0.165,1.1765,0.488,0.244,0.345
713,9,17,F,0.52,0.405,0.14,0.8175,0.2795,0.183,0.26
714,11,17,I,0.65,0.515,0.16,1.1625,0.495,0.203,0.33
715,11,17,F,0.665,0.535,0.19,1.496,0.5775,0.2815,0.475
716,9,17,F,0.53,0.42,0.13,1.001,0.34,0.226,0.265
717,9,17,I,0.535,0.42,0.145,0.9259999999999999,0.39799999999999996,0.1965,0.25
718,9,17,F,0.555,0.435,0.165,0.97,0.336,0.2315,0.295
719,11,17,M,0.565,0.47,0.195,1.1420000000000001,0.387,0.258,0.35
720,11,18,M,0.61,0.5,0.24,1.642,0.532,0.3345,0.69
721,11,18,F,0.545,0.405,0.175,0.98,0.2585,0.207,0.38
722,11,18,M,0.64,0.505,0.165,1.4435,0.6145,0.3035,0.39
723,11,18,F,0.575,0.45,0.17,1.0475,0.3775,0.1705,0.385
724,11,18,F,0.725,0.56,0.21,2.141,0.65,0.39799999999999996,1.005
725,9,18,F,0.58,0.455,0.155,0.8365,0.315,0.1385,0.32
726,9,18,M,0.565,0.455,0.17,0.9065,0.342,0.156,0.32
727,9,19,M,0.525,0.395,0.165,0.782,0.285,0.1405,0.285
728,8,19,I,0.45,0.355,0.12,0.41200000000000003,0.1145,0.0665,0.16
729,11,19,F,0.6,0.475,0.18,1.1805,0.4345,0.2475,0.425
730,9,19,F,0.59,0.45,0.16,0.9,0.358,0.156,0.315
731,11,19,F,0.58,0.44,0.175,1.073,0.4005,0.2345,0.335
732,11,20,F,0.53,0.415,0.15,0.7775,0.237,0.1415,0.33
733,9,20,M,0.565,0.435,0.185,1.032,0.354,0.2045,0.31
734,8,20,F,0.5,0.4,0.165,0.7105,0.27,0.1455,0.225
735,11,20,M,0.655,0.525,0.185,1.2590000000000001,0.48700000000000004,0.2215,0.445
736,11,20,F,0.61,0.485,0.21,1.3445,0.535,0.2205,0.515
737,11,21,F,0.625,0.42,0.165,1.0595,0.358,0.165,0.445
738,8,21,M,0.49,0.39,0.15,0.573,0.225,0.124,0.17
739,9,22,F,0.52,0.395,0.18,0.64,0.158,0.11,0.245
740,11,23,M,0.63,0.485,0.175,1.3,0.4335,0.2945,0.46
